Country,Total_Spending
USA,3627982.83
Spain,1215686.9200000009
France,1110916.5199999993
Australia,630623.1000000001
UK,478880.4600000001
Italy,374674.30999999976
Finland,329581.9100000001
Norway,307463.7000000001
Singapore,288488.41000000003
Denmark,245637.15
Canada,224078.55999999994
Germany,220472.08999999994
Sweden,210014.21
Austria,202062.53
Japan,188167.80999999997
Switzerland,117713.55999999998
Belgium,108412.62
Philippines,94015.73
Ireland,57756.43
